{"servername":"0286b2ad-dc80-4b5c-a0de-b81945b010e8","cpu":"Intel® Xeon® E5-2630 v4","cpuload":"96.09","cputhreads":"4","cpucores":"4","memused":"4.9 GB","memtotal":"7.8 GB","swapused":"0 Bytes","swaptotal":"0 Bytes","diskused":"49.2 GB","disktotal":"194.9 GB","netrx":"502.3 MB","nettx":"134.2 MB","osplatform":"linux","oslogofile":"ubuntu","osrelease":"16.04.6 LTS","osuptime":"32 days, 17 hours, 20 minutes, 55 seconds","biosvendor":"SeaBIOS","biosversion":"rel-1.12.1-0-ga5cab58e9a3f-prebuilt.qemu.org","biosdate":"2014-01-04","servermonitorversion":"1.0.1","datatime":"1584876724911","dockercontainers":"undefined","dockercontainersrunning":"undefined","dockercontainerspaused":"undefined","dockercontainersstopped":"undefined"}