{"servername":"15ffcdd0-a021-4ded-977d-284d777330a0","cpu":"Intel® Xeon® E5-2630 v4","cpuload":"36.51","cputhreads":"4","cpucores":"4","memused":"7.6 GB","memtotal":"7.8 GB","swapused":"0 Bytes","swaptotal":"0 Bytes","diskused":"8.3 GB","disktotal":"194.9 GB","netrx":"101.2 GB","nettx":"21.6 GB","osplatform":"linux","oslogofile":"ubuntu","osrelease":"16.04.6 LTS","osuptime":"28 days, 6 hours, 44 minutes, 52 seconds","biosvendor":"SeaBIOS","biosversion":"rel-1.12.1-0-ga5cab58e9a3f-prebuilt.qemu.org","biosdate":"2014-01-04","servermonitorversion":"1.0.1","datatime":"1584881647826","dockercontainers":"undefined","dockercontainersrunning":"undefined","dockercontainerspaused":"undefined","dockercontainersstopped":"undefined"}