{"servername":"2e3f071a-af2b-4dc9-be5a-7ce72590a181","cpu":"Intel® Xeon® E5-2630 v4","cpuload":"52.16","cputhreads":"4","cpucores":"4","memused":"7.6 GB","memtotal":"7.8 GB","swapused":"0 Bytes","swaptotal":"0 Bytes","diskused":"11.2 GB","disktotal":"194.9 GB","netrx":"180.6 MB","nettx":"49.7 MB","osplatform":"linux","oslogofile":"ubuntu","osrelease":"16.04.6 LTS","osuptime":"32 days, 22 hours, 30 minutes, 53 seconds","biosvendor":"SeaBIOS","biosversion":"rel-1.11.1-0-g0551a4be2c-prebuilt.qemu-project.org","biosdate":"2014-01-04","servermonitorversion":"1.0.1","datatime":"1584881649149","dockercontainers":"undefined","dockercontainersrunning":"undefined","dockercontainerspaused":"undefined","dockercontainersstopped":"undefined"}