{"servername":"6fc3e9bf-24a8-47cd-99d3-fa159e05a9f4","cpu":"Intel® Xeon® E5-2630 v4","cpuload":"15.49","cputhreads":"4","cpucores":"4","memused":"7.2 GB","memtotal":"7.8 GB","swapused":"0 Bytes","swaptotal":"0 Bytes","diskused":"174.8 GB","disktotal":"194.9 GB","netrx":"187.3 MB","nettx":"49.7 MB","osplatform":"linux","oslogofile":"ubuntu","osrelease":"16.04.6 LTS","osuptime":"32 days, 19 hours, 7 minutes, 50 seconds","biosvendor":"SeaBIOS","biosversion":"rel-1.11.1-0-g0551a4be2c-prebuilt.qemu-project.org","biosdate":"2014-01-04","servermonitorversion":"1.0.1","datatime":"1584881651588","dockercontainers":"undefined","dockercontainersrunning":"undefined","dockercontainerspaused":"undefined","dockercontainersstopped":"undefined"}