{"servername":"bed240f5-7c87-4013-90ee-a5bbc21f60da","cpu":"Intel® Xeon® E5-2630 v4","cpuload":"14.00","cputhreads":"6","cpucores":"6","memused":"7 GB","memtotal":"15.7 GB","swapused":"0 Bytes","swaptotal":"0 Bytes","diskused":"36.9 GB","disktotal":"391.8 GB","netrx":"69.4 MB","nettx":"18.8 MB","osplatform":"linux","oslogofile":"ubuntu","osrelease":"16.04.6 LTS","osuptime":"3 days, 1 hour, 47 minutes, 36 seconds","biosvendor":"SeaBIOS","biosversion":"rel-1.12.1-0-ga5cab58e9a3f-prebuilt.qemu.org","biosdate":"2014-01-04","servermonitorversion":"1.0.1","datatime":"1588678865010","dockercontainers":"undefined","dockercontainersrunning":"undefined","dockercontainerspaused":"undefined","dockercontainersstopped":"undefined","updatetime":" 2020-05-05 11:41:05"}