{"servername":"DESKTOP-SP8T9SC","cpu":"Intel(R) Xeon(R) CPU           E5620  @ 2.40GHz","cpuload":"26.09","cputhreads":"8","cpucores":"4","memused":"15.5 GB","memtotal":"36 GB","swapused":"361 MB","swaptotal":"5.3 GB","diskused":"101.6 GB","disktotal":"135.6 GB","netrx":"0 Bytes","nettx":"0 Bytes","osplatform":"win32","oslogofile":"windows","osrelease":"10.0.18363","osuptime":"4 days, 22 hours, 30 minutes, 59 seconds","biosvendor":"HP","biosversion":"HP     - 2","biosdate":"2011-05-05","servermonitorversion":"1.0.1","updatetime":" 2020-05-25 14:58:17"}