{"servername":"Server-01","cpu":"Intel® Xeon® E5645","cpuload":"4.36","cputhreads":"24","cpucores":"12","memused":"15.8 GB","memtotal":"62.9 GB","swapused":"0 Bytes","swaptotal":"64 GB","diskused":"183.7 GB","disktotal":"339.7 GB","netrx":"825.2 MB","nettx":"128.8 MB","osplatform":"linux","oslogofile":"debian","osrelease":"9","osuptime":"5 days, 17 hours, 58 minutes, 24 seconds","biosvendor":"HP","biosversion":"P67","biosdate":"2011-30-01","servermonitorversion":"1.0.1","datatime":"1584607668596"}